date,close,open,high,low,vol,% change
19/5/15,17500,17000,17500,16900,2.07M,2.34%
20/5/15,18200,17400,18200,17400,2.11M,4.00%
21/5/15,18100,18200,18200,17900,2.11M,-0.55%
22/5/15,18000,18100,18100,17800,2.39M,-0.55%
25/5/15,18000,17900,18000,17700,1.89M,0.00%
26/5/15,18100,18000,18400,17900,3.45M,0.56%
27/5/15,18100,18100,18200,18000,1.44M,0.00%
28/5/15,18300,18100,18500,18000,2.72M,1.10%
29/5/15,18300,18200,18400,18000,1.90M,0.00%
1/6/15,17800,18200,18200,17800,2.29M,-2.73%
2/6/15,17500,17700,17900,17300,3.53M,-1.69%
3/6/15,17600,17800,18100,17500,3.35M,0.57%
4/6/15,17900,17900,18000,17700,1.83M,1.70%
5/6/15,17900,17900,18000,17700,2.42M,0.00%
8/6/15,18100,18000,18300,17900,2.44M,1.12%
9/6/15,18200,18100,18400,18000,2.34M,0.55%
10/6/15,18000,18200,18300,18000,1.59M,-1.10%
11/6/15,18000,18100,18200,18000,2.54M,0.00%
12/6/15,17900,18100,18200,17900,1.99M,-0.56%
15/6/15,17700,18000,18000,17700,2.01M,-1.12%
16/6/15,17800,17700,18000,17600,1.53M,0.56%
17/6/15,17600,17800,17900,17600,1.35M,-1.12%
18/6/15,17600,17700,17800,17600,1.03M,0.00%
19/6/15,17600,17800,17800,17600,3.07M,0.00%
22/6/15,18000,17700,18000,17700,2.54M,2.27%
23/6/15,18000,18100,18200,17900,1.59M,0.00%
24/6/15,18400,18100,18700,18000,6.69M,2.22%
25/6/15,18400,18500,18600,18200,1.90M,0.00%
26/6/15,18400,18400,18500,18200,2.01M,0.00%
29/6/15,18700,18300,18900,18100,4.83M,1.63%
30/6/15,19000,18600,19400,18500,7.10M,1.60%
1/7/15,18900,19100,19200,18700,1.99M,-0.53%
2/7/15,19300,19100,19300,18900,3.59M,2.12%
3/7/15,19100,19400,19400,18900,2.76M,-1.04%
6/7/15,19200,19300,19400,19000,3.13M,0.52%
7/7/15,18700,18800,19000,18600,5.37M,-2.60%
8/7/15,18500,18700,18800,18300,3.81M,-1.07%
9/7/15,18500,18300,18500,18200,2.33M,0.00%
10/7/15,18300,18600,18700,18300,2.24M,-1.08%
13/7/15,18600,18500,18800,18500,2.87M,1.64%
14/7/15,18700,18800,18900,18500,1.71M,0.54%
15/7/15,18500,18800,18800,18500,1.46M,-1.07%
16/7/15,18500,18400,18700,18400,1.55M,0.00%
17/7/15,18700,18800,18800,18500,1.98M,1.08%
20/7/15,18600,18800,18800,18400,1.69M,-0.53%
21/7/15,18300,18500,18600,18200,1.26M,-1.61%
22/7/15,18400,18300,18400,18200,1.79M,0.55%
23/7/15,18300,18400,18400,18200,1.42M,-0.54%
24/7/15,18100,18200,18300,18000,1.70M,-1.09%
27/7/15,18100,18100,18300,17900,2.61M,0.00%
28/7/15,18000,18100,18100,17900,2.03M,-0.55%
29/7/15,17600,17900,17900,17600,2.03M,-2.22%
30/7/15,17500,17500,17600,17200,3.77M,-0.57%
31/7/15,17300,17500,17600,17200,1.50M,-1.14%
3/8/15,16800,17100,17200,16700,2.57M,-2.89%
4/8/15,16800,16800,17000,16700,1.94M,0.00%
5/8/15,17300,16800,17300,16800,1.68M,2.98%
6/8/15,17000,17300,17300,17000,775.40K,-1.73%
7/8/15,17100,17100,17100,16900,521.36K,0.59%
10/8/15,16800,17100,17100,16800,1.34M,-1.75%
11/8/15,16900,17000,17000,16700,1.66M,0.60%
12/8/15,16600,16900,16900,16500,1.35M,-1.78%
13/8/15,16300,16400,16500,15800,2.75M,-1.81%
14/8/15,16200,16300,16300,16000,1.45M,-0.61%
17/8/15,16500,16400,16800,16300,2.91M,1.85%
18/8/15,16500,16700,16700,16400,958.83K,0.00%
19/8/15,16400,16500,16500,16200,760.14K,-0.61%
20/8/15,15900,16400,16400,15900,1.36M,-3.05%
21/8/15,15400,15600,15800,14900,3.68M,-3.14%
24/8/15,14400,15300,15300,14400,2.95M,-6.49%
25/8/15,14400,13500,14400,13500,5.27M,0.00%
26/8/15,15000,14100,15000,14100,2.45M,4.17%
27/8/15,15100,15200,15300,15000,2.03M,0.67%
28/8/15,15100,15100,15200,14800,1.93M,0.00%
31/8/15,14800,15000,15000,14600,1.67M,-1.99%
1/9/15,14800,14600,15000,14600,931.08K,0.00%
3/9/15,14400,14800,14800,14400,1.32M,-2.70%
4/9/15,14700,14500,14700,14400,754.37K,2.08%
7/9/15,14600,14600,14700,14500,553.02K,-0.68%
8/9/15,14800,14500,14800,14400,969.66K,1.37%
9/9/15,14800,14900,15000,14700,809.43K,0.00%
10/9/15,14800,14600,14800,14600,624.23K,0.00%
11/9/15,14800,14700,14900,14700,654.53K,0.00%
14/9/15,14700,14800,15000,14700,940.30K,-0.68%
15/9/15,14700,14700,14800,14600,561.48K,0.00%
16/9/15,15300,15000,15700,15000,2.89M,4.08%
17/9/15,15300,15400,15600,15300,1.84M,0.00%
18/9/15,15500,15500,15500,15300,7.40M,1.31%
21/9/15,15200,15300,15400,15200,994.91K,-1.94%
22/9/15,15400,15200,15800,15100,3.79M,1.32%
23/9/15,15400,15300,15700,15300,1.72M,0.00%
24/9/15,15400,15500,15600,15300,949.84K,0.00%
25/9/15,15100,15400,15400,15100,1.56M,-1.95%
28/9/15,14800,15200,15200,14700,1.79M,-1.99%
29/9/15,14800,14600,14800,14400,1.80M,0.00%
30/9/15,14800,14800,14900,14700,1.23M,0.00%
1/10/15,14700,14800,14800,14600,987.10K,-0.68%
2/10/15,14900,14900,15100,14800,1.78M,1.36%
5/10/15,14900,15000,15100,14800,1.15M,0.00%
6/10/15,14900,15000,15000,14800,2.87M,0.00%
7/10/15,15000,14900,15000,14800,2.79M,0.67%
8/10/15,15000,14900,15200,14800,3.12M,0.00%
9/10/15,15300,15200,15700,15100,9.65M,2.00%
12/10/15,15300,15400,15600,15300,4.60M,0.00%
13/10/15,15300,15200,15700,15200,4.11M,0.00%
14/10/15,15100,15300,15400,15100,3.11M,-1.31%
15/10/15,14900,15000,15100,14900,2.90M,-1.32%
16/10/15,14800,15000,15100,14800,3.61M,-0.67%
19/10/15,14700,14800,14900,14700,2.78M,-0.68%
20/10/15,14400,14700,14700,14300,4.53M,-2.04%
21/10/15,14600,14400,14600,14300,1.94M,1.39%
22/10/15,14400,14500,14700,14400,1.42M,-1.37%
23/10/15,14500,14500,14600,14400,2.00M,0.69%
26/10/15,14500,14500,14900,14500,2.81M,0.00%
27/10/15,14300,14400,14600,14200,2.45M,-1.38%
28/10/15,14000,14300,14300,14000,5.06M,-2.10%
29/10/15,14000,14000,14100,13900,3.59M,0.00%
30/10/15,14100,14100,14200,13900,2.29M,0.71%
2/11/15,14000,14100,14200,14000,1.68M,-0.71%
3/11/15,13900,14000,14000,13700,3.63M,-0.71%
4/11/15,13800,14000,14000,13800,1.47M,-0.72%
5/11/15,14700,13700,14700,13700,4.70M,6.52%
6/11/15,14500,14900,15000,14500,5.01M,-1.36%
9/11/15,14300,14500,14500,14200,1.29M,-1.38%
10/11/15,14100,14200,14300,14100,1.81M,-1.40%
11/11/15,14000,14100,14200,14000,1.51M,-0.71%
12/11/15,14000,14000,14100,13800,1.92M,0.00%
13/11/15,13900,14000,14000,13800,1.23M,-0.71%
16/11/15,13800,13800,13900,13700,3.31M,-0.72%
17/11/15,13800,13800,14000,13700,4.01M,0.00%
18/11/15,13700,13800,13900,13600,2.65M,-0.72%
19/11/15,13700,13600,13800,13600,1.65M,0.00%
20/11/15,13600,13700,13800,13600,2.36M,-0.73%
23/11/15,13600,13700,13800,13500,2.27M,0.00%
24/11/15,13400,13600,13700,13300,3.92M,-1.47%
25/11/15,13200,13400,13400,13000,4.49M,-1.49%
26/11/15,13100,13100,13300,13000,3.53M,-0.76%
27/11/15,12600,13000,13100,12600,5.30M,-3.82%
30/11/15,12200,12600,12700,12200,4.01M,-3.17%
1/12/15,12000,12100,12500,11800,6.06M,-1.64%
2/12/15,12600,12300,12800,12300,9.85M,5.00%
3/12/15,12300,12600,12600,12300,2.66M,-2.38%
4/12/15,12200,12200,12300,12100,2.12M,-0.81%
7/12/15,11900,12200,12200,11900,3.05M,-2.46%
8/12/15,11900,11700,12000,11600,3.03M,0.00%
9/12/15,11700,11900,11900,11700,2.43M,-1.68%
10/12/15,11500,11700,11800,11500,2.14M,-1.71%
11/12/15,11400,11500,11700,11400,3.03M,-0.87%
14/12/15,11600,11500,12000,11400,4.46M,1.75%
15/12/15,11600,11600,11700,11500,2.79M,0.00%
16/12/15,11600,11700,11700,11500,1.66M,0.00%
17/12/15,11800,11700,11800,11600,3.16M,1.72%
18/12/15,11300,11700,11800,11300,7.27M,-4.24%
21/12/15,11400,11500,11500,11300,2.12M,0.88%
22/12/15,11300,11500,11600,11300,2.31M,-0.88%
23/12/15,11300,11400,11500,11200,2.74M,0.00%
24/12/15,11100,11300,11400,11000,3.19M,-1.77%
25/12/15,10900,11100,11200,10700,5.45M,-1.80%
28/12/15,10600,10900,10900,10300,6.27M,-2.75%
29/12/15,10700,10500,10800,10300,6.56M,0.94%
30/12/15,10700,10800,10900,10600,2.24M,0.00%
31/12/15,10400,10700,10700,10400,2.07M,-2.80%
4/1/16,10100,10400,10500,10100,4.48M,-2.88%
5/1/16,9600,10100,10200,9600,7.55M,-4.95%
6/1/16,10000,9600,10200,9600,6.61M,4.17%
7/1/16,10100,9900,10200,9700,8.62M,1.00%
8/1/16,10200,10000,10200,9900,9.81M,0.99%
11/1/16,10900,10300,10900,10100,13.23M,6.86%
12/1/16,11300,10900,11400,10900,8.94M,3.67%
13/1/16,10900,11200,11300,10800,6.32M,-3.54%
14/1/16,10300,10700,10800,10200,6.97M,-5.50%
15/1/16,9900,10300,10500,9800,4.74M,-3.88%
18/1/16,9300,9600,9700,9300,8.48M,-6.06%
19/1/16,9600,9500,9600,9300,6.37M,3.23%
20/1/16,9000,9500,9500,9000,8.52M,-6.25%
21/1/16,8400,8900,8900,8400,12.66M,-6.67%
22/1/16,7900,8100,8400,7900,19.08M,-5.95%
25/1/16,8400,8200,8400,7900,11.89M,6.33%
26/1/16,8900,8400,8900,8200,14.35M,5.95%
27/1/16,8800,8900,9200,8700,8.08M,-1.12%
28/1/16,8300,8800,8800,8200,8.16M,-5.68%
29/1/16,8200,8400,8500,8100,6.62M,-1.20%
1/2/16,8200,8300,8400,8100,3.27M,0.00%
2/2/16,8000,8200,8200,7800,5.70M,-2.44%
3/2/16,7600,7800,7900,7600,7.44M,-5.00%
4/2/16,7700,7700,7900,7600,4.55M,1.32%
5/2/16,7800,7700,7900,7700,1.71M,1.30%
15/2/16,7800,7800,7900,7600,2.41M,0.00%
16/2/16,7800,7800,7900,7700,2.55M,0.00%
17/2/16,7800,7900,8000,7800,4.10M,0.00%
18/2/16,7800,7900,7900,7700,4.40M,0.00%
19/2/16,8300,7800,8300,7800,15.46M,6.41%
22/2/16,8800,8700,8800,8600,6.57M,6.02%
23/2/16,8900,9300,9400,8800,15.67M,1.14%
24/2/16,9000,8700,9300,8500,13.38M,1.12%
25/2/16,8700,9000,9200,8700,5.53M,-3.33%
26/2/16,8600,8800,8800,8500,2.91M,-1.15%
29/2/16,8100,8500,8500,8100,8.79M,-5.81%
1/3/16,8300,8000,8500,8000,4.10M,2.47%
2/3/16,8300,8400,8500,8200,1.88M,0.00%
3/3/16,7900,8200,8300,7800,12.16M,-4.82%
4/3/16,8200,8000,8400,7900,4.48M,3.80%
7/3/16,8400,8400,8600,8200,4.73M,2.44%
8/3/16,8200,8300,8400,8000,4.38M,-2.38%
9/3/16,8100,8200,8300,8100,1.89M,-1.22%
10/3/16,8500,8300,8500,8200,6.01M,4.94%
11/3/16,8400,8400,8800,8300,6.15M,-1.18%
14/3/16,8400,8400,8600,8300,3.90M,0.00%
15/3/16,8300,8200,8500,8000,9.18M,-1.19%
16/3/16,8500,8200,8700,8200,5.76M,2.41%
17/3/16,8400,8500,8600,8400,4.41M,-1.18%
18/3/16,8400,8400,8500,8300,3.81M,0.00%
21/3/16,8500,8600,8900,8500,12.28M,1.19%
22/3/16,8500,8500,8600,8400,3.35M,0.00%
23/3/16,8500,8500,8700,8300,4.21M,0.00%
24/3/16,8300,8400,8500,8300,3.14M,-2.35%
25/3/16,8200,8300,8400,8000,4.52M,-1.20%
28/3/16,8200,8200,8300,8100,3.16M,0.00%
29/3/16,8000,8300,8300,8000,3.20M,-2.44%
30/3/16,8100,8000,8200,8000,2.81M,1.25%
31/3/16,7800,8100,8100,7700,5.68M,-3.70%
1/4/16,7700,7800,7900,7600,3.88M,-1.28%
4/4/16,7700,7700,7800,7500,3.16M,0.00%
5/4/16,7800,7600,7800,7500,2.01M,1.30%
6/4/16,7800,7800,7900,7700,1.76M,0.00%
7/4/16,7700,7800,7900,7600,1.79M,-1.28%
8/4/16,7600,7700,7700,7600,1.75M,-1.30%
11/4/16,7400,7600,7700,7400,3.81M,-2.63%
12/4/16,6900,7100,7200,6900,8.95M,-6.76%
13/4/16,6700,6500,6900,6500,8.71M,-2.90%
14/4/16,7100,6700,7100,6700,5.75M,5.97%
15/4/16,6900,7200,7200,6900,2.89M,-2.82%
19/4/16,6700,6800,6900,6600,3.31M,-2.90%
20/4/16,6700,6700,6800,6600,2.97M,0.00%
21/4/16,6800,6700,6900,6700,1.66M,1.49%
22/4/16,7000,6800,7000,6700,2.82M,2.94%
25/4/16,7400,7300,7400,7200,10.18M,5.71%
26/4/16,7900,7700,7900,7600,7.77M,6.76%
27/4/16,8000,8000,8100,7700,8.24M,1.27%
28/4/16,7900,7900,8000,7700,5.10M,-1.25%
29/4/16,8000,7900,8100,7800,4.48M,1.27%
4/5/16,7500,7900,7900,7500,6.87M,-6.25%
5/5/16,7400,7300,7500,7300,2.93M,-1.33%
6/5/16,7500,7400,7600,7300,1.69M,1.35%
9/5/16,7400,7500,7500,7300,1.54M,-1.33%
10/5/16,7400,7300,7400,7200,1.43M,0.00%
11/5/16,7500,7400,7500,7300,1.17M,1.35%
12/5/16,7500,7500,7600,7400,981.74K,0.00%
13/5/16,7400,7400,7500,7200,1.70M,-1.33%
16/5/16,7400,7300,7400,7200,1.40M,0.00%
17/5/16,7900,7900,7900,7900,1.12M,6.76%
18/5/16,8400,8400,8400,8400,1.74M,6.33%
19/5/16,8300,8900,8900,8200,11.29M,-1.19%
